Software	Version	Source
FastQC	0.11.9	FastQC/0.11.9-Java-11 module
fastp	0.23.4	fastp/0.23.4-GCC-10.3.0 module
Jellyfish	2.3.0	Jellyfish/2.3.0-GCC-10.3.0 module
Flye	2.9.5	/containers/apptainer/flye_2.9.5.sif
Hifiasm	0.25.0	/containers/apptainer/hifiasm_0.25.0.sif
LJA	0.2	/containers/apptainer/lja-0.2.sif
Trinity	2.15.1	Trinity/2.15.1-foss-2021a module
BUSCO	5.7.1	/containers/apptainer/busco_5.7.1.sif
QUAST	5.2.0	/containers/apptainer/quast_5.2.0.sif
Merqury	1.3	/containers/apptainer/merqury_1.3.sif
MUMmer	4	/containers/apptainer/mummer4_gnuplot.sif
