Assembly	Flye	Hifiasm	LJA
# contigs (>= 0 bp)	139	662	514
# contigs (>= 1000 bp)	73	662	514
# contigs (>= 5000 bp)	65	662	419
# contigs (>= 10000 bp)	64	662	283
# contigs (>= 25000 bp)	58	635	52
# contigs (>= 50000 bp)	54	178	22
Total length (>= 0 bp)	136966697	163446166	143044178
Total length (>= 1000 bp)	136920169	163446166	143044178
Total length (>= 5000 bp)	136903616	163446166	142781382
Total length (>= 10000 bp)	136893863	163446166	141730990
Total length (>= 25000 bp)	136805635	162821654	138398284
Total length (>= 50000 bp)	136692578	146252344	137397285
# contigs	67	662	457
Largest contig	11664385	27111084	23332508
Total length	136912392	163446166	142921014
Estimated reference length	135000000	135000000	135000000
GC (%)	36.38	36.55	36.75
N50	6982577	13752509	15231776
NG50	6982577	14214433	15231776
N90	1546526	47897	3373416
NG90	1643348	4009136	4177462
auN	5950201.8	13317038.8	14756798.0
auNG	6034491.6	16123103.2	15622641.0
L50	8	5	4
LG50	8	4	4
L90	26	196	12
LG90	25	9	10
# N's per 100 kbp	0.00	0.00	0.00
